<?xml version="1.0" encoding="utf-8"?>
<extension type="component" method="upgrade" version="3">
	<name>com_phocapanorama</name>
	<author>Jan Pavelka (www.phoca.cz)</author>
	<creationDate>07/05/2019</creationDate>
	<authorEmail></authorEmail>
	<authorUrl>https://www.phoca.cz</authorUrl>
	<copyright>Jan Pavelka</copyright>
	<license>GNU/GPL</license>
	<version>3.0.3</version>
	<description>COM_PHOCAPANORAMA_XML_DESCRIPTION</description>
	<scriptfile>script.php</scriptfile>
	<projectName>PhocaPanorama</projectName>

	<install>
		<sql>
			<file driver="mysql" charset="utf8">install/sql/mysql/install.utf8.sql</file>
		</sql>
	</install>

	<uninstall>
		<sql>
			<file driver="mysql" charset="utf8">install/sql/mysql/uninstall.utf8.sql</file>
		</sql>
	</uninstall>

	<update>
		<schemas>
			<schemapath type="mysql">update/sql/mysql</schemapath>
		</schemas>
	</update>

	<files folder="site">
		<folder>controllers</folder>
		<folder>helpers</folder>
		<folder>models</folder>
		<folder>views</folder>
		<filename>controller.php</filename>
		<filename>index.html</filename>
		<filename>phocapanorama.php</filename>
		<filename>router.php</filename>
	</files>

	<media destination="com_phocapanorama" folder="media">
		<folder>bootstrap</folder>
		<folder>css</folder>
		<folder>images</folder>
		<folder>js</folder>
		<filename>index.html</filename>
	</media>

	<languages folder="admin/language">
		<language tag="en-GB" client="site">en-GB/en-GB.com_phocapanorama.ini</language>
		<language tag="en-GB" client="site">en-GB/en-GB.com_phocapanorama.sys.ini</language>
	</languages>

	<administration>

		<menu img="media/com_phocapanorama/images/administrator/" alt="COM_PHOCAPANORAMA" link="option=com_phocapanorama">COM_PHOCAPANORAMA</menu>

			<submenu>
				<menu img="media/com_phocapanorama/images/administrator/" alt="COM_PHOCAPANORAMA_CONTROLPANEL" view="phocapanoramacp" link="option=com_phocapanorama">COM_PHOCAPANORAMA_CONTROLPANEL</menu>
				<menu img="media/com_phocapanorama/images/administrator/" alt="COM_PHOCAPANORAMA_ITEMS" view="phocapanoramaitems" link="option=com_phocapanorama&amp;view=phocapanoramaitems">COM_PHOCAPANORAMA_ITEMS</menu>
				<menu img="media/com_phocapanorama/images/administrator/" alt="COM_PHOCAPANORAMA_CATEGORIES" view="phocapanoramacats" link="option=com_phocapanorama&amp;view=phocapanoramacats">COM_PHOCAPANORAMA_CATEGORIES</menu>
				<menu img="media/com_phocapanorama/images/administrator/" alt="COM_PHOCAPANORAMA_INFO" view="phocapanoramainfo" link="option=com_phocapanorama&amp;view=phocapanoramainfo">COM_PHOCAPANORAMA_INFO</menu>
			</submenu>

		<files folder="admin">
			<folder>controllers</folder>
			<folder>help</folder>
			<folder>helpers</folder>
			<folder>install</folder>
			<folder>models</folder>
			<folder>tables</folder>
			<folder>update</folder>
			<folder>views</folder>
			<filename>access.xml</filename>
			<filename>config.xml</filename>
			<filename>controller.php</filename>
			<filename>index.html</filename>
			<filename>phocapanorama.php</filename>
		</files>

		<languages folder="admin/language">
			<language tag="en-GB">en-GB/en-GB.com_phocapanorama.ini</language>
			<language tag="en-GB">en-GB/en-GB.com_phocapanorama.sys.ini</language>
		</languages>
	</administration>
	
	

	<updateservers>
		<server type="extension" name="COM_PHOCAPANORAMA" priority="1"><![CDATA[https://raw.githubusercontent.com/PhocaCz/PhocaPanorama/master/manifest.xml]]></server>
	</updateservers>
</extension>
